-- Users
INSERT INTO user (id, name)
VALUES ('user1', 'Anna'),
       ('user2', 'Björn');

-- Departments
INSERT INTO department (id, name)
VALUES ('department1', 'Miljöförvaltningen'),
       ('department2', 'Socialförvaltningen'),
       ('department3', 'IT-avdelningen'),
       ('department4', 'HR-avdelningen'),
       ('department5', 'Kulturförvaltningen');

-- ====================================================================
-- Test data for august 2025
-- ====================================================================
-- 3 SNAIL_MAIL
INSERT INTO message (id, subject, municipality_id, department_id, user_id, message_type, created)
VALUES ('message1', 'This is the subject', '2281', 'department1', 'user1', 'LETTER', '2025-09-05 10:00:00');

INSERT INTO recipient (id, message_id, type, status, created)
VALUES ('recipient1', 'message1', 'SNAIL_MAIL', 'SENT', '2025-09-05 10:01:00'),
       ('recipient2', 'message1', 'SNAIL_MAIL', 'SENT', '2025-09-05 10:01:00'),
       ('recipient3', 'message1', 'SNAIL_MAIL', 'FAILED', '2025-09-05 10:01:00');

-- 2 DIGITAL_MAIL, 1 SMS
INSERT INTO message (id, subject, municipality_id, department_id, user_id, message_type, created)
VALUES ('message2', 'This is the subject', '2281', 'department2', 'user1', 'LETTER', '2025-09-06 11:00:00');

INSERT INTO recipient (id, message_id, type, status, created)
VALUES ('recipient4', 'message2', 'DIGITAL_MAIL', 'SENT', '2025-09-06 11:01:00'),
       ('recipient5', 'message2', 'DIGITAL_MAIL', 'SENT', '2025-09-06 11:01:00'),
       ('recipient6', 'message2', 'SMS', 'SENT', '2025-09-06 11:02:00');

-- 2 DIGITAL_REGISTERED_LETTER
INSERT INTO message (id, subject, municipality_id, department_id, user_id, message_type, created)
VALUES ('message3', 'This is the subject', '2281', 'department3', 'user2', 'LETTER', '2025-09-07 12:00:00');

INSERT INTO recipient (id, message_id, type, status, created)
VALUES ('recipient7', 'message3', 'DIGITAL_REGISTERED_LETTER', 'SENT', '2025-09-07 12:01:00'),
       ('recipient8', 'message3', 'DIGITAL_REGISTERED_LETTER', 'FAILED', '2025-09-07 12:01:00');

-- 3 SMS
INSERT INTO message (id, subject, municipality_id, department_id, user_id, message_type, created)
VALUES ('message4', 'This is the subject', '2281', 'department4', 'user2', 'LETTER', '2025-09-08 13:00:00');

INSERT INTO recipient (id, message_id, type, status, created)
VALUES ('recipient9', 'message4', 'SMS', 'SENT', '2025-09-08 13:01:00'),
       ('recipient10', 'message4', 'SMS', 'SENT', '2025-09-08 13:01:00'),
       ('recipient11', 'message4', 'SMS', 'NOT_SENT', '2025-09-08 13:01:00');

-- 1 SNAIL_MAIL, 1 DIGITAL_MAIL, 1 SMS
INSERT INTO message (id, subject, municipality_id, department_id, user_id, message_type, created)
VALUES ('message5', 'This is the subject', '2281', 'department5', 'user1', 'LETTER', '2025-09-09 14:00:00');

INSERT INTO attachment(id, file_name, content_type, created, message_id)
VALUES ('attachment1', 'document.pdf', 'application/pdf', '2025-08-05 10:00:00', 'message5'),
       ('attachment2', 'image.png', 'image/png', '2025-08-05 10:00:00', 'message5');

INSERT INTO recipient (id, message_id, type, status, created, phone_number, address, zip_code, city)
VALUES ('recipient12', 'message5', 'SNAIL_MAIL', 'SENT', '2025-09-09 14:01:00', null, 'Testgatan 1', '12345',
        'Testsvall'),
       ('recipient13', 'message5', 'DIGITAL_MAIL', 'FAILED', '2025-09-09 14:01:00', null, null, null, null),
       ('recipient14', 'message5', 'SMS', 'SENT', '2025-09-09 14:02:00', '+46123456789', null, null, null);



-- ====================================================================
-- Test data for august 2025
-- ====================================================================
INSERT INTO message (id, municipality_id, department_id, user_id, message_type, created)
VALUES ('message101', '2281', 'department1', 'user1', 'LETTER', '2025-08-05 10:00:00');

INSERT INTO attachment(id, file_name, content_type, created, message_id, content)
VALUES ('5a70a27f-997e-431e-9155-cc50d01e80c5', 'attachment.pdf',
        'application/pdf', '2025-08-05 10:00:00', 'message101',
        FROM_BASE64('JVBERi0xLjUKJbXtrvsKNCAwIG9iago8PCAvTGVuZ3RoIDUgMCBSCiAgIC9GaWx0ZXIgL0ZsYXRlRGVjb2RlCj4+CnN0cmVhbQp4nDNUMABCXUMgYW5ppJCcy1UIhGaGRhBxkBhcRj/RQCG9WEG/wlzBJZ8rEAgBf7IM0QplbmRzdHJlYW0KZW5kb2JqCjUgMCBvYmoKICAgNTAKZW5kb2JqCjMgMCBvYmoKPDwKICAgL0V4dEdTdGF0ZSA8PAogICAgICAvYTAgPDwgL0NBIDEgL2NhIDEgPj4KICAgPj4KICAgL1hPYmplY3QgPDwgL3g3IDcgMCBSID4+Cj4+CmVuZG9iago5IDAgb2JqCjw8IC9MZW5ndGggMTAgMCBSCiAgIC9GaWx0ZXIgL0ZsYXRlRGVjb2RlCiAgIC9UeXBlIC9YT2JqZWN0CiAgIC9TdWJ0eXBlIC9JbWFnZQogICAvV2lkdGggMTcwMAogICAvSGVpZ2h0IDIyMDAKICAgL0NvbG9yU3BhY2UgL0RldmljZUdyYXkKICAgL0ludGVycG9sYXRlIHRydWUKICAgL0JpdHNQZXJDb21wb25lbnQgOAo+PgpzdHJlYW0KeJzt3X+slXUdB/DvRVHclR8KgoJIgkoWiaHFppa1mizdGJrhmjrnJCSjqA2TiubNWIEVXCwBjSlrjpVSJhUGAkIFKt5EUhlTBE0qDJWQxc/u/fScc889PziM7lnIduH1+ud7v9/neZ97v3+9d8/znOekBAAAAAAAAAAAAAAAAAAAAAAAAAAAAAAAAAAAAAAAAAAAAAAAAAAAAAAAAAAAAAAAAAAAAAAAAAAAAAAAAAAAAAAAAAAAAAAAAAAAAAAAAAAAAAAAAAAAAAAAAAAAAAAAAAAAAAAAAAAAAAAAAAAAAAAAAAAAAAAAAAAAAAAAAAAAAAAAAAAAAAAAAAAAAAAAAAAAAAAAAAAAAAAAAAAAAAAAAAAAAAAAAAAAAAAAAAAAAAAAAAAAAAAAAAAAAAAAAAAAAAAAAAAAAAAAAAAAAAAAAAAAAAAAAAAAAAAAAAAAAAAAAAAAAAAAAAAAAAAAAAAAAAAAAAAAAAAAAAAAAAAAAAAAAAAAAAAAAAAAAAAcpbpN3fDu3+e1+/RR8zJX1PQbJuUiZ9X4ZwFAz/X/vv3WVza0//zPzIr4ak2/4uxrl0ZcWOsfBsAx78G4I6Vb2t9RKX261o5KaYqOAqBmvfbHpSl1a6whoqMAOCJGR5xTY0RHAXBENET0rzGSddSEGiNZRw2tMQLAMW9mxJk1RrKOGl9jJOuoITVGADjmzanoqB6DP3haxeHTh5zX7cBI1lFjUqeBF/SvK611OmVArwNOO2lQ6ecpuXcUuwweUv7iB4kAQJtutz70VsS6pqam87LZiRNeiMzmKd0Lh3tP35LNW5675biKVNZRE3/6bnbkzemn5hfqf7F+fzbd1tg1m3wie7WmAenjC/Y+X4pkHTXq8X3ZORvGH18dSfc1FdX6LiIAR6kBjY1/iZjb2NjYL6VTVsemG84598ZXY+PA/NELt8byEQM+NGln/O6k8lTWUbuWzf3+vS9HvJK/ltUr1n/p4kFjdsWy3Kz/jIjPLcoKqLKjti2c9b15WSP+pnN1ZMWeRbPuamiYnhXipUdk4wB0BKX3+hbEW31zY+8tsTbXIydvjj/k/+m5rDnuLY+03dd33LSIlbkfesXFueFHEcNz45iIjXdfPfSRyo7K39fXY2nEd6ojK1qvb82OmP2ebBKADqnYUR+J+G7r0viIG7Ph9ohPtS4siOb3lUVK954/E/GxbOi+OH9lanTEF3Jj1lGjsmHQ0lKkeO95752xo74qsiJ/8JKW+Fv3BAAFxY6a2do3mTMjFmfDuth9QuvCDRHfKIuUOmpsxPSK9fzVpEJHlSt9Pmp+xMiqyEW5C16dX4y4+nBsCYCjRLGjno5ou+tue2yvS/XN8VJhPjTi12WRUkdlB56sXj9kR02IuPNgL5XStyN+9X9uBoCjSrGj3oyWtrWXInqk8yOWF+anVdz/UFYsPaPQYycPv+amsT9pT0d9NgoXtyoimcF7Ykffw7YtAI4CxY7aHbva1p6NOCsNj1hUmNdHbCqLlDoqO7A5Gwb9cn+89tSyNe3pqKsiHqyOpFS3ImLc4d0aAB1csaN2xL62tecjTk8fjlhSmPeIKH8ueqmjekW8kFK/f8TKs1M73+u7NuLH1ZF86E91CQBKih21OaJwi0R6NVq6pAERqwrz/hFPlUVKxfL+iKUpTY0YWL5+yI4aFzG5OpL6vBN7zz+8OwOgoyt21MKIwsOLjt8XL6dU9694o3DO5RH3l0VKHTUy4gcpPRnbKtYP2VHTI66qjqSft91KMexrh29vAHRsxY6aEDG6demSiPuy4dGIPq0L34z4fFmk1FEzIz6Z0tr4Z8X6ITtqXezsWh25MmJ9639xk+86jJsDoEMrdlTPnW23ft8fLcOy4YqIr+TnnTbE1hPLIsWO6v52rKtLaUm09ClfP1RHXRZxT6qK1L9WfAjScg/sA6Cg9CyksdFyfW68rrnwwdz58XbuCzU6zYyWis5p66Kui2LXRdk4OeKxM1Kfm5753x117qbY2K06MiNiVv68LqP2XP+ebBOADmfED/8aseTum/M19eVdsfjOhidi/7RO+YMnPBC7H/rWtBdj+3UVoWHb4/XHHpj9yDvxRv7JFKe+HhHNsfWaiD9+sU/vccsiHp84oiIybm+se3junN/vi9V9qyND/xOxvqmp6c9bmiMqgwAcs8Y3tPpoftbvjoVr1vx2cum744dNfeK5VQ/f1uOAVOfLJ/1s5dpV828uPA79jBlPP/vobfVpYvZKQz7Q+opfr4x0Hzllweq1K+ZcmQ4SuaChTK3fuAgAAAAAAAAAAAAAAAAAAAAAAAAAAAAAAAAAAAAAAAAAAAAAAAAAAAAAAAAAAAAAAAAAAAAAAAAAAAAAAAAAAAAAAAAAAAAAAAAAAAAAAAAAAAAAAAAAAAAAAAAAAAAAAAAAAAAAAAAAAAAAAAAAAAAAAAAAAAAAAAAAAAAAAAAAAAAAAAAAAAAAAAAAAAAAAAAAAAAAAAAAAAAAAAAAAAAAAAAAAAAAAAAAAAAAAAAAAAAAAAAAAAAAAAAAAAAAAAAAAAAAAAAAAAAAAAAAAAAAAAAAAAAAAAAAAAAAAAAAAAAAAAAAAAAAAAAAAAAAAAAAAAAAAAAAAAAAAAAAAAAAAAAAAAAAAAAAAAAAAAAAAAAAAAAAAAAAAAAAAAAAAAAAAAAAAAAAAAAAAAAAAAAAAAAAAAAAAAAAAAAAAAAAAAAAAAAAAAAAAAAAAAAAAAAAAAAAAAAAAAAAAAAAAAAAAAAAAAAAAAAAAAAAAAAAAAAAAAAAAAAAAAAAAAAAAAAAAAAAAAAAAAAAAAAAAAAAAAAAAAAAAAAAAAAAAAAAAAAAAAAAAAAAAAAAAAAAAAAAAAAAAAAAAAAAAAAAAAAAAAAAAAAAAAAAAAAAAAAAAAAAAAAAAAAAAAAAAAAAAAAAAAAAAAAAAAAAAAAAAAAAAAAAAAAAAAAAAAAAAAAAAAAAAAAAAAAAAAAAAAAAAAAAAAAAAAAAAAAAAAAAAAAAAAAAAAAAAAAAAAAAAAAAAAAAAAAAAAAAAAAAAAAAAAAAAAAAAAAAAAAAAAAAAAAAAAAAAAAAAAAAAAAAAAAAAAAAAAAAAAAAAAAAAAAAAAAAAAAAAAAAAAAAAAAAAAAAAAAAAAAAAAAAAAAAAAAAAAAAAAAAAAAAAAAAAAAAAAAAAAAAAAAAAAAAAAAAAAAAAAAAAAAAAAAAAAAAAAAAAAAAAAAAAAAAAAAAAAAAAAAAAAAAAAAAAAAAAAAAAAAAAAAAAAAAAAAAAAAAAAAAAAAAAAAAAAAAAAAAAAAAAAAAAAAAAAAAAAAAAAAAAAAAAAAAAAAAAAAAAAAAAAAAAAAAAAAAAAAAAAAAAAAAAAAAAAAAAAAAAAAAAAAAAAAAAAAAAAAAAAAAAAAAAAAAAAAAAAAAAAAAAAAAAAAAAAAAAAAAAAAAAAAAAAAAAAAAAAAAAAAAAAAAAAAAAAAAAAAAAAAAAAAAAAAAAAAAAAAAAAAAAAAAAAAAAAAAAAAAAAAAAAAAAAAAAAAAAAAAAAAAAAAAAAAAAAAAAAAAAAAAAAAAAAAAAAAAAAAAAAAAAAAAAAAAAAAAAAAAAAAAAAAAAAAAAAAAAAAAAAAAAAAAAAAAAAAAAAAAAAAAAAAAAAAAAAAAAAAAAAAAAAAAAAAAAAAAAAAAAAAAAAAAAAAAAAAAAAAAAAAAAAAAAAAAAAAAAAAAAAAAAAAAAAAAAAAAAAAAAAAAAAAAAAAAAAAAAAAAAAAAAAAAAAAAAAAAAAAAAAAAAAAAAAAAAAAAAAAAAAAAAAAAAAAAAAAAAAAAAAAAAAAAAAAAAAAAAAAAAAAAAAAAAAAAAAAAAAAAAAAAAAAAAAAAAAAAAAAAAAAAAAAAAAAAAAAAAAAAAAAAAAAAAAAAAAAAAAAAAAAAAAAAAAAAAAAAAAAAAAAAAAAAAAAAAAAAAAAAAAAAAAAAAAAAAAAAAAAAAAAAAAAAAAAAAAAAAAAAAAAAAAAAAAAAAAAAAAAAAAAAAAAAAAAAAAAAAAAAAAAAAAAAAAAAAAAAAAAAAAAAAAAAAAAAAAAAAAAAAAAAAAAAAAAAAAAAAAAAAAAAAAAAAAAAAAAAAAAAAAAAAAAAAAAAAAAAAAAAAAAAAAAAAAAAAAAAAAAAAAAAAAAAAAAAAAAAAAAAAAAAAAAAAAAAAAAAAAAAAAAAAAAAAAAAAAAAAAAAAAAAAAAAAAAAAAAAAAAAAAAAAAAAAAAAAAAAAAAAAAAAAAAAAAAAAAAAAAAAAAAAAAAAAAAAAAAAAAAAAAAAAAAAAAAAAAAAAAAAAAAAAAAAAAAAAAAAAAAAAAAAAAAAAAAAAAAAAAAAAAAAAAAAAAAAAAAAAAAAAAAAAAAAAAAAAAAAAAAAAAAAAAAAAAAAAAAAAAAAAAAAAAAAAAAAAAAAAAAAAAAAAAAAAAAAAAAAAAAAAAAAAAAAAAAAAAAAAAAAAAAAAAAAAAAAAAAAAAAAAAAAAAAAAAAAAAAAAAAAAAAAAAAAAAAAAAAAAAAAAAAAAAAAAAAAAAAAAAAAAAAAAAAAAAAAAAAAAAAAAAAAAAAAAAAAAAAAAAAAAAAAAAAAAAAAAAAAAAAAAAAAAAAAAAAAAAAAAAAAAAAAAAAAAAAAAAAAAAAAAAAAAAAAAAAAAAAAAAAAAAAAAAAAAAAAAAAAAAAAAAAAAAAAAAAAAAAAAAAAAAAAAAAAAAAAAAAAAAAAAAAAAAAAAAAAAAAAAAAAAAAAAAAAAAAAAAAAAAAAAAAAAAAAAAAAAAAAAAAAAAAAAAAAAAAAAAAAAAAAAAAAAAAAAAAAAAAAAAAAAAAAAAAAAAAAAAAAAAAAAAAAAAAAAAAAAAAAAAAAAAAAAAAAAAAAAAAAAAAAAAAAAAAAAAAAAAAAAAAAAAAAAAAAAAAAAAAAAAAAAAAAAAAAAAAAAAAAAAAAAAAAAAAAAAAAAAAAAAAAAAAAAAAAAAAAAAAAAAAAAAAAAAAAAAAAAAAAAAAAAAAAAAAAAAAAAAAAAAAAAAAAAAAAAAAAAAAAAAAAAAAAAAAAAAAAAAAAAAAAAAAAAAAAAAAAAAAAAAAAAAAAAAAAAAAAAAAAAAAAAAAAAAAAAAAAAAAAAAAAAAAAAAAAAAAAAAAAAAAAAAAAAAAAAAAAAAAAAAAAAAAAAAAAAAAAAAAAAAAAAAAAAAAAAAAAAAAAAAAAAAAAAAAAAAAAAAAAAAAAAAAAAAAAAAAAAAAAAAAAAAAAAAAAAAAAAAAAAAAAAAAAAAAAAAAAAAAAAAAAAAAAAAAAAAAAAAAAAAAAAAAAAAAAAAAAAAAAAAAAAAAAAAAAAAAAAAAAAAAAAAAAAAAAAAAAAAAAAAAAAAAAAAAAAAAAAAAAAAAAAAAAAAAAAAAAAAAAAAAAAAAAAAAAAAAAAAAAAAAAAAAAAAAAAAAAAAAAAAAAAAAAAAAAAAAAAAAAAAAAAAAAAAAAAAAAAAAAAAAAAAAAAAAAAAAAAAAAAAAAAAAAAAAAAAAAAAAAAAAAAAAAAAAAAAAAAAAAAAAAAAAAAAAAAAAAAAAAAAAAAAAAAAAAAAAAAAAAAAAAAAAAAAAAAAAAAAAAAAAAAAAAAAAAAAAAAAAAAAAAAAAAAAAAAAAAAAAAAAAAAAAAAAAAAAAAAAAAAAAAAAAAAAAAAAAAAAAAAAAAAAAAAAAAAAAAAAAAAAAAAAAAAAAAAAAAAAAAAAAAAAAAAAAAAAAAAAAAAAAAAAAAAAAAAAAAAAAAAAAAAAAAAAAAAAAAAAAAAAAAAAAAAAAAAAAAAAAAAAAAAAAAAAAAAAAAAAAAAAAAAAAAAAAAAAAAAAAAAAAAAAAAAAAAAAAAAAAAAAAAAAAAAAAAAAAAAAAAAAAAAAAAAAAAAAAAAAAAAAAAAAAAAAAAAAAAAAAAAAAAAAAAAAAAAAAAAAAAAAAAAAAAAAAAAAAAAAAAAAAAAAAAAAAAAAAAAAAAAAAAAAAAAAAAAAAAAAAAAAAAAAAAAAAAAAAAAAAAAAAAAAAAAAAAAAAAAAAAAAAAAAAAAAAAAAAAAAAAAAAAAAAAAAAAAAAAAAAAAAAAAAAAAAAAAAAAAAAAAAAAAAAAAAAAAAAAAAAAAAAAAAAAAAAAAAAAAAAAAAAAAAAAAAAAAAAAAAAAAAAAAAAAAAAAAAAAAAAAAAAAAAAAAAAAAAAAAAAAAAAAAAAAAAAAAAAAAAAAAAAAAAAAAAAAAAAAAAAAAAAAAAAAAAAAAAAAAAAAAAAAAAAAAAAAAAAAAAAAAAAAAAAAAAAAAAAAAAAAAAAAAAAAAAAAAAAAAAAAAAAAAAAAAAAAAAAAAAAAAAAAAAAAAAAAAAAAAAAAAAAAAAAAAAAAAAAAAAAAAAAAAAAAAAAAAAAAAAAAAAAAAAAAAAAAAAAAAAAAAAAAAAAAAAAAAAAAAAAAAAAAAAAAAAAAAAAAAAAAAAAAAAAAAAAAAAAAAAAAAAAAAAAAAAAAAAAAAAAAAAAAAAAAAAAAAAAAAAAAAAAAAAAAAAAAAAAAAAAAAAAAAAAAAAAAAAAAAAAAAAAAAAAAAAAAAAAAAAAAAAAAAAAAAAAAAAAAAAAAAAAAAAAAAAAAAAAAAAAAAAAAAAAAAAAAAAAAAAAAAAAAAAAAAAAAAAAAAAAAAAAAAAAAAAAAAAAAAAAAAAAAHOv+C0jaOxIKZW5kc3RyZWFtCmVuZG9iagoxMCAwIG9iagogICA1MDM5CmVuZG9iago3IDAgb2JqCjw8IC9MZW5ndGggMTEgMCBSCiAgIC9GaWx0ZXIgL0ZsYXRlRGVjb2RlCiAgIC9UeXBlIC9YT2JqZWN0CiAgIC9TdWJ0eXBlIC9JbWFnZQogICAvV2lkdGggMTcwMAogICAvSGVpZ2h0IDIyMDAKICAgL0NvbG9yU3BhY2UgL0RldmljZUdyYXkKICAgL0ludGVycG9sYXRlIHRydWUKICAgL0JpdHNQZXJDb21wb25lbnQgMQogICAvU01hc2sgOSAwIFIKPj4Kc3RyZWFtCnic7cExAQAAAMKg9U9tCU+gAAAAAAAAAAAAAAAAAAAAAAAAAAAAAAAAAAAAAAAAAAAAAAAAAAAAAAAAAAAAAAAAAAAAAAAAAAAAAAAAAAAAAAAAAAAAAAAAAAAAAAAAAAAAAAAAAAAAAAAAAAAAAAAAAAAAAAAAAAAAAAAAAAAAAAAAAAAAAAAAAAAAAAAAAAAAAAAAAAAAAAAAAAAAAAAAAAAAAAAAAAAAAAAAAAAAAAAAAAAAAAAAAAAAAAAAAAAAAAAAAAAAAAAAAAAAAAAAAAAAAAAAAAAAAAAAAAAAAAAAAAAAAAAAAAAAAAAAAAAAAAAAAAAAAAAAAAAAAAAAAAAAAAAAAAAAAAAAAAAAAAAAAAAAAAAAAAAAAAAAAAAAAAAAAAAAAAAAAAAAAAAAAAAAAAAAAAAAAAAAAAAAAAAAAAAAAAAAAAAAAAAAAAAAAAAAAAAAAAAAAAAAAAAAAAAAAAAAAAAAAAAAAAAAAAAAAAAAAAAAAAAAAAAAAAAAAAAAAAAAAAAAAAAAAAAAAAAAAAAAAAAAAAAAAAAAAAAAAAAAAAAAAAAAAAAAAAAAAAAAAAAAAAAAAAAAAAAAAAAAAAAAAAAAAAAAAAAAAAAAAAAAAD4GJuEAAQplbmRzdHJlYW0KZW5kb2JqCjExIDAgb2JqCiAgIDQ3NwplbmRvYmoKOCAwIG9iago8PCAvVHlwZSAvT2JqU3RtCiAgIC9MZW5ndGggMTIgMCBSCiAgIC9OIDEKICAgL0ZpcnN0IDQKICAgL0ZpbHRlciAvRmxhdGVEZWNvZGUKPj4Kc3RyZWFtCnicM1Mw4IrmiuUCAAY4AV0KZW5kc3RyZWFtCmVuZG9iagoxMiAwIG9iagogICAxNgplbmRvYmoKMTMgMCBvYmoKPDwgL1R5cGUgL09ialN0bQogICAvTGVuZ3RoIDE2IDAgUgogICAvTiA0CiAgIC9GaXJzdCAyMwogICAvRmlsdGVyIC9GbGF0ZURlY29kZQo+PgpzdHJlYW0KeJxVkVFrgzAUhd/9FedlTBlobqrrVqQPVShjDMTubewhpMEKw0gSx/rvl9jaMfJ0P87NOYdLYBHlKFjEQQVFVGC1zqOyRPZ+HhWyRnTKRgCy1/5o8QEOhhafM6r0NDhQtN3OG43Rx0kqg1iK3mhQSk9pjvjk3Gg3WTbTzojx1EubatMlyeUbo4Tr9VALpxDXG854QYwR5Tmj9QPj94wli8lfLNx567DfCKNCjpBsBm/q2Iud/vFxmX+PxLF+5rfQg/Nyi/ym3xs9jSjLMIT54jHTBR08NWKwY/CS5wW/wJlJLVPlVbX67qVq97sAfebAW2X1ZKSyWN08D35Rukt066/wr14lnPjS3bWdv8C1nBf9Aht2bs0KZW5kc3RyZWFtCmVuZG9iagoxNiAwIG9iagogICAyNzgKZW5kb2JqCjE3IDAgb2JqCjw8IC9UeXBlIC9YUmVmCiAgIC9MZW5ndGggNzIKICAgL0ZpbHRlciAvRmxhdGVEZWNvZGUKICAgL1NpemUgMTgKICAgL1cgWzEgMiAyXQogICAvUm9vdCAxNSAwIFIKICAgL0luZm8gMTQgMCBSCj4+CnN0cmVhbQp4nGNgYPj/n4mBl4EBRDAxMixmYGBk4AcRfSAxDiBLdDmQkGgBEozsIG4/iJsLJCRBXElZiF5GEMHMKLUCKCa1n4EBAJM2CBEKZW5kc3RyZWFtCmVuZG9iagpzdGFydHhyZWYKNjg0NwolJUVPRgoxOCAwIG9iag0KPDwvU2l6ZSAxOSAvUm9vdCAxNSAwIFIgL1ByZXYgNjg0NyAvVHlwZSAvWFJlZiAvSW5kZXggWzAgMSAxNCAxIDE4IDEgXSAvVyBbMSA0IDIgXSAvTGVuZ3RoIDIxID4+IHN0cmVhbQ0KAAAAAAH//wAAAAAPAAIBAAAbsAAADQplbmRzdHJlYW0NCg0KZW5kb2JqDQpzdGFydHhyZWYNCjcwODgNCiUlRU9GDQo=')),
       ('attachment4', 'image.png', 'image/png', '2025-08-05 10:00:00', 'message101', 'dGVzdA==');

-- 25 SNAIL_MAIL, 5 DIGITAL_MAIL, 5 SMS
INSERT INTO recipient (id, first_name, last_name, message_id, type, status, created, phone_number, address, zip_code,
                       city)
VALUES
-- 25 snail mail
('recipient101', 'John', 'Doe', 'message101', 'SNAIL_MAIL', 'SENT', '2025-08-05 10:01:00', '+46123456789',
 'Testgatan 12', '12345', 'Testsvall'),
('recipient102', 'John', 'Doe', 'message101', 'SNAIL_MAIL', 'SENT', '2025-08-05 10:01:00', '+46123456789',
 'Testgatan 13', '12345', 'Testsvall'),
('recipient103', 'John', 'Doe', 'message101', 'SNAIL_MAIL', 'SENT', '2025-08-05 10:01:00', '+46123456789',
 'Testgatan 14', '12345', 'Testsvall'),
('recipient104', 'John', 'Doe', 'message101', 'SNAIL_MAIL', 'SENT', '2025-08-05 10:01:00', '+46123456789',
 'Testgatan 15', '12345', 'Testsvall'),
('recipient105', 'John', 'Doe', 'message101', 'SNAIL_MAIL', 'FAILED', '2025-08-05 10:01:00', '+46123456789',
 'Testgatan 16', '12345', 'Testsvall'),
('recipient106', 'John', 'Doe', 'message101', 'SNAIL_MAIL', 'SENT', '2025-08-05 10:01:00', '+46123456789',
 'Testgatan 17', '12345', 'Testsvall'),
('recipient107', 'John', 'Doe', 'message101', 'SNAIL_MAIL', 'SENT', '2025-08-05 10:01:00', '+46123456789',
 'Testgatan 18', '12345', 'Testsvall'),
('recipient108', 'John', 'Doe', 'message101', 'SNAIL_MAIL', 'SENT', '2025-08-05 10:01:00', null, 'Testgatan 121',
 '12345', 'Testsvall'),
('recipient109', 'John', 'Doe', 'message101', 'SNAIL_MAIL', 'SENT', '2025-08-05 10:01:00', '+46123456789',
 'Testgatan 19', '12345', 'Testsvall'),
('recipient110', 'Alex', 'Doe', 'message101', 'SNAIL_MAIL', 'SENT', '2025-08-05 10:01:00', '+46123456789',
 'Testgatan 122', '12345', 'Testsvall'),
('recipient111', 'Alex', 'Doe', 'message101', 'SNAIL_MAIL', 'SENT', '2025-08-05 10:01:00', '+46123456789',
 'Testgatan 123', '12345', 'Testsvall'),
('recipient112', 'Alex', 'Doe', 'message101', 'SNAIL_MAIL', 'SENT', '2025-08-05 10:01:00', '+46123456789',
 'Testgatan 124', '12345', 'Testsvall'),
('recipient113', 'Alex', 'Doe', 'message101', 'SNAIL_MAIL', 'SENT', '2025-08-05 10:01:00', null, 'Testgatan 12',
 '12345', 'Testsvall'),
('recipient114', 'Alex', 'Doe', 'message101', 'SNAIL_MAIL', 'SENT', '2025-08-05 10:01:00', '+46123456789',
 'Testgatan 125', '12345', 'Testsvall'),
('recipient115', 'Alex', 'Doe', 'message101', 'SNAIL_MAIL', 'SENT', '2025-08-05 10:01:00', '+46123456789',
 'Testgatan 126', '12345', 'Testsvall'),
('recipient116', 'Alex', 'Doe', 'message101', 'SNAIL_MAIL', 'SENT', '2025-08-05 10:01:00', '+46123456789',
 'Testgatan 127', '12345', 'Testsvall'),
('recipient117', 'Jane', 'Doe', 'message101', 'SNAIL_MAIL', 'SENT', '2025-08-05 10:01:00', '+46123456789',
 'Testgatan 128', '12345', 'Testsvall'),
('recipient118', 'Jane', 'Doe', 'message101', 'SNAIL_MAIL', 'SENT', '2025-08-05 10:01:00', null, 'Testgatan 129',
 '12345', 'Testsvall'),
('recipient119', 'Jane', 'Doe', 'message101', 'SNAIL_MAIL', 'SENT', '2025-08-05 10:01:00', '+46123456789',
 'Testgatan 120', '12345', 'Testsvall'),
('recipient120', 'Jane', 'Doe', 'message101', 'SNAIL_MAIL', 'SENT', '2025-08-05 10:01:00', '+46123456789',
 'Testgatan 112', '12345', 'Testsvall'),
('recipient121', 'Jane', 'Doe', 'message101', 'SNAIL_MAIL', 'SENT', '2025-08-05 10:01:00', '+46123456789',
 'Testgatan 1122', '12345', 'Testsvall'),
('recipient122', 'Jane', 'Doe', 'message101', 'SNAIL_MAIL', 'SENT', '2025-08-05 10:01:00', '+46123456789',
 'Testgatan 122', '12345', 'Testsvall'),
('recipient123', 'Jane', 'Doe', 'message101', 'SNAIL_MAIL', 'SENT', '2025-08-05 10:01:00', '+46123456789',
 'Testgatan 132', '12345', 'Testsvall'),
('recipient124', 'Jane', 'Doe', 'message101', 'SNAIL_MAIL', 'SENT', '2025-08-05 10:01:00', '+46123456789',
 'Testgatan 131', '12345', 'Testsvall'),
('recipient125', 'Jane', 'Doe', 'message101', 'SNAIL_MAIL', 'SENT', '2025-08-05 10:01:00', null, 'Testgatan 182',
 '12345', 'Testsvall'),

-- 5 digital mail
('recipient126', 'John', 'Wick', 'message101', 'DIGITAL_MAIL', 'SENT', '2025-08-05 10:02:00', null, null, null, null),
('recipient127', 'John', 'Wick', 'message101', 'DIGITAL_MAIL', 'FAILED', '2025-08-05 10:02:00', null, null, null, null),
('recipient128', 'John', 'Wick', 'message101', 'DIGITAL_MAIL', 'SENT', '2025-08-05 10:02:00', null, null, null, null),
('recipient129', 'John', 'Wick', 'message101', 'DIGITAL_MAIL', 'SENT', '2025-08-05 10:02:00', null, null, null, null),
('recipient130', 'John', 'Wick', 'message101', 'DIGITAL_MAIL', 'SENT', '2025-08-05 10:02:00', null, null, null, null),

-- 5 sms
('recipient131', 'John', 'Wick', 'message101', 'SMS', 'SENT', '2025-08-05 10:03:00', '+46123456789', null, null, null),
('recipient132', 'John', 'Wick', 'message101', 'SMS', 'SENT', '2025-08-05 10:03:00', '+46123456789', null, null, null),
('recipient133', 'John', 'Wick', 'message101', 'SMS', 'FAILED', '2025-08-05 10:03:00', '+46123456789', null, null,
 null),
('recipient134', 'John', 'Wick', 'message101', 'SMS', 'SENT', '2025-08-05 10:03:00', '+46123456789', null, null, null),
('recipient135', 'John', 'Wick', 'message101', 'SMS', 'SENT', '2025-08-05 10:03:00', '+46123456789', null, null, null);



INSERT INTO message (id, municipality_id, department_id, user_id, message_type, created)
VALUES ('message102', '2281', 'department2', 'user2', 'LETTER', '2025-08-06 12:00:00');

-- 20 DIGITAL_MAIL, 10 DIGITAL_REGISTERED_LETTER, 5 SMS
INSERT INTO recipient (id, message_id, type, status, created, phone_number)
VALUES
-- 20 digital mail
('recipient201', 'message102', 'DIGITAL_MAIL', 'SENT', '2025-08-06 12:01:00', null),
('recipient202', 'message102', 'DIGITAL_MAIL', 'SENT', '2025-08-06 12:01:00', null),
('recipient203', 'message102', 'DIGITAL_MAIL', 'FAILED', '2025-08-06 12:01:00', null),
('recipient204', 'message102', 'DIGITAL_MAIL', 'SENT', '2025-08-06 12:01:00', null),
('recipient205', 'message102', 'DIGITAL_MAIL', 'SENT', '2025-08-06 12:01:00', null),
('recipient206', 'message102', 'DIGITAL_MAIL', 'SENT', '2025-08-06 12:01:00', null),
('recipient207', 'message102', 'DIGITAL_MAIL', 'SENT', '2025-08-06 12:01:00', null),
('recipient208', 'message102', 'DIGITAL_MAIL', 'SENT', '2025-08-06 12:01:00', null),
('recipient209', 'message102', 'DIGITAL_MAIL', 'SENT', '2025-08-06 12:01:00', null),
('recipient210', 'message102', 'DIGITAL_MAIL', 'SENT', '2025-08-06 12:01:00', null),
('recipient211', 'message102', 'DIGITAL_MAIL', 'SENT', '2025-08-06 12:01:00', null),
('recipient212', 'message102', 'DIGITAL_MAIL', 'SENT', '2025-08-06 12:01:00', null),
('recipient213', 'message102', 'DIGITAL_MAIL', 'SENT', '2025-08-06 12:01:00', null),
('recipient214', 'message102', 'DIGITAL_MAIL', 'SENT', '2025-08-06 12:01:00', null),
('recipient215', 'message102', 'DIGITAL_MAIL', 'SENT', '2025-08-06 12:01:00', null),
('recipient216', 'message102', 'DIGITAL_MAIL', 'SENT', '2025-08-06 12:01:00', null),
('recipient217', 'message102', 'DIGITAL_MAIL', 'SENT', '2025-08-06 12:01:00', null),
('recipient218', 'message102', 'DIGITAL_MAIL', 'SENT', '2025-08-06 12:01:00', null),
('recipient219', 'message102', 'DIGITAL_MAIL', 'SENT', '2025-08-06 12:01:00', null),
('recipient220', 'message102', 'DIGITAL_MAIL', 'SENT', '2025-08-06 12:01:00', null),

-- 10 registered letters
('recipient221', 'message102', 'DIGITAL_REGISTERED_LETTER', 'SENT', '2025-08-06 12:02:00', null),
('recipient222', 'message102', 'DIGITAL_REGISTERED_LETTER', 'SENT', '2025-08-06 12:02:00', null),
('recipient223', 'message102', 'DIGITAL_REGISTERED_LETTER', 'FAILED', '2025-08-06 12:02:00', null),
('recipient224', 'message102', 'DIGITAL_REGISTERED_LETTER', 'SENT', '2025-08-06 12:02:00', null),
('recipient225', 'message102', 'DIGITAL_REGISTERED_LETTER', 'SENT', '2025-08-06 12:02:00', null),
('recipient226', 'message102', 'DIGITAL_REGISTERED_LETTER', 'SENT', '2025-08-06 12:02:00', null),
('recipient227', 'message102', 'DIGITAL_REGISTERED_LETTER', 'SENT', '2025-08-06 12:02:00', null),
('recipient228', 'message102', 'DIGITAL_REGISTERED_LETTER', 'SENT', '2025-08-06 12:02:00', null),
('recipient229', 'message102', 'DIGITAL_REGISTERED_LETTER', 'SENT', '2025-08-06 12:02:00', null),
('recipient230', 'message102', 'DIGITAL_REGISTERED_LETTER', 'SENT', '2025-08-06 12:02:00', null),

-- 5 sms
('recipient231', 'message102', 'SMS', 'SENT', '2025-08-06 12:03:00', '+46123456789'),
('recipient232', 'message102', 'SMS', 'SENT', '2025-08-06 12:03:00', '+46123456789'),
('recipient233', 'message102', 'SMS', 'SENT', '2025-08-06 12:03:00', '+46123456789'),
('recipient234', 'message102', 'SMS', 'FAILED', '2025-08-06 12:03:00', '+46123456789'),
('recipient235', 'message102', 'SMS', 'SENT', '2025-08-06 12:03:00', '+46123456789');
